country,name,percentage
AL,Albanian,97
AL,Greek,0.9
AL,Macedonian,0.9
AL,Roma,0.3
AL,Aromanian,0.3
GR,Greek,91
GR,Albanian,4.4
GR,Roma,2
GR,Macedonian,1.5
GR,Turkish,1
GR,Aromanian,0.4
CY,Greek Cypriots,58.2
CY,Turkish,13
CY,Turkish Cypriots,11
CY,Greek,2.8
CY,British,2.5
CY,Romanian,2.2
CY,Bulgarian,1.8
CY,Filipino,1.2
AD,Greek Cypriots,60
AD,British,40
MK,Macedonian,64.2
MK,Albanian,25.2
MK,Turkish,3.9
MK,Roma,2.7
MK,Serb,1.8
MK,Bosniak,0.8
MK,Aromanian,0.5
SRB,Serb,83.3
SRB,Hungarian,3.5
SRB,Roma,2.1
SRB,Bosniak,2.0
SRB,Croat,0.8
SRB,Slovak,0.7
SRB,Aromanian,0.5
SRB,Montenegrin,0.5
SRB,Macedonian,0.3
SRB,Bulgarian,0.3
MNE,Montenegrin,45.3
MNE,Serb,29.2
MNE,Bosniak,12.0
MNE,Albanian,4.9
MNE,Croat,1.0
MNE,Roma,0.8
KOS,Albanian,92.9
KOS,Bosniak,1.6
KOS,Serb,1.5
KOS,Roma,1.4
KOS,Turk,1.1
AND,Andorran,48.8
AND,Spanish,25.1
AND,Portuguese,13
AND,French,4
AND,Arab,3
AND,African,3
F,French,75
F,Arab,7
F,Italian,5
F,West African,3.3
F,Asian,1.7
F,Portuguese,1.2
F,Berber,1
F,Turk,0.8
E,Spanish,86.4
E,Mestizo,5
E,Arab,3.5
E,Romanian,1.8
E,Roma,1.6
E,British,0.8
CZ,Czech,90
CZ,Moravian,5.0
CZ,Slovak,1.4
CZ,Polish,0.6
CZ,German,0.5
CZ,Roma,0.3
CZ,Hungarian,0.2
SK,Slovak,80.7
SK,Hungarian,8.5
SK,Roma,2
SK,Czech,0.6
SK,Ukrainian,0.6
SK,German,0.1
SK,Polish,0.1
D,German,82
D,Turk,2.5
D,Polish,2.5
D,Arab,1.5
D,Ukrainian,1.4
D,Italian,1.0
D,Romanian,1.0
D,Roma,1.0
D,Russian,1.0
D,Greek,0.5
D,Serb,0.5
D,Kurd,0.5
H,Hungarian,92
H,Roma,3.1
H,German,1.3
H,Slovak,0.3
H,Romanian,0.3
H,Croat,0.2
I,Italian,90.4
I,Sardinian,1.6
I,Romanian,1.4
I,Arab,1.0
I,Albanian,0.8
I,German,0.6
I,Chinese,0.5
I,Slovene,0.2
I,Roma,0.2
CH,German,65
CH,French,22
CH,Italian,8
CH,Romansch,1
FL,Alemannic,85.7
FL,Italian,3.5
FL,Portuguese,1.9
FL,Turk,1.3
FL,Albanian,1.1
A,Austrian,85
A,Turk,4.5
A,Serb,4.0
A,German,2.6
A,Croat,2.0
A,Romanian,1.2
A,Slovene,0.5
A,Arab,0.2
EST,Estonian,68.7
EST,Russian,24.8
EST,Ukrainian,1.7
EST,Belorussian,1.0
EST,Finn,0.6
EST,Latvian,0.2
LV,Latvian,62.2
LV,Russian,25.2
LV,Belorussian,3.2
LV,Ukrainian,2.2
LV,Polish,2.1
LV,Lithuanian,1.2
LT,Lithuanian,84.1
LT,Polish,6.6
LT,Russian,5.8
LT,Belorussian,1.2
LT,Ukrainian,0.5
BY,Belorussian,83.7
BY,Russian,8.3
BY,Polish,3.1
BY,Ukrainian,1.7
BY,Tatar,0.2
PL,Polish,98
PL,German,0.2
PL,Ukrainian,0.1
UA,Ukrainian,77.8
UA,Russian,17.3
UA,Belorussian,0.6
UA,Moldovan,0.5
UA,Crimean Tatar,0.5
UA,Bulgarian,0.4
UA,Hungarian,0.3
UA,Romanian,0.3
UA,Polish,0.3
UA,Jewish,0.2
R,Russian,80.9
R,Tatar,3.9
R,Ukrainian,1.4
R,Bashkir,1.15
R,Chuvash,1.05
R,Chechen,1.04
R,Armenian,0.86
R,Avars,0.66
R,Mongol,0.6
R,Mordvin,0.54
R,Circassian,0.5
R,Kazakh,0.47
R,Azerbaijani,0.44
R,Dargin,0.43
R,Yakut,0.4
R,Udmurt,0.4
R,Ossetian,0.38
R,Mari,0.35
R,Lezgian,0.34
R,Ingush,0.32
R,Buryat,0.3
R,German,0.29
R,Komi,0.26
R,Uzbek,0.21
R,Tajik,0.15
R,Kalmyk,0.12
R,Khanty,0.02
B,French,58
B,Dutch,31
B,Italian,4.1
B,Arab,3.7
B,Turkish,2
B,Romanian,0.8
B,Polish,0.8
L,Luxembourgish,51.1
L,Portuguese,15.7
L,French,10
L,Italian,3.6
L,German,2.1
L,Spanish,1.1
NL,Dutch,76.9
NL,Arab,2.5
NL,Indonesian,2.1
NL,Surinamese,2
NL,German,2.0
NL,Turk,2.0
NL,Berber,1.0
NL,Polish,1
NL,Caribbean,0.9
NL,Kurd,0.4
SLO,Slovene,91.1
SLO,Serb,2
SLO,Croat,1.8
SLO,Bosniak,1.6
SLO,Hungarian,0.3
SLO,Albanian,0.3
SLO,Roma,0.2
SLO,Italian,0.1
HR,Croat,90.4
HR,Serb,4.4
HR,Bosniak,0.7
HR,Italian,0.4
HR,Albanian,0.4
HR,Roma,0.4
HR,Hungarian,0.3
HR,Slovene,0.3
BIH,Bosniak,50.1
BIH,Serb,30.8
BIH,Croat,15.4
BG,Bulgarian,84.8
BG,Turkish,9
BG,Roma,4.9
BG,Russian,0.1
BG,Armenian,0.1
RO,Romanian,88.9
RO,Hungarian,6.1
RO,Roma,3.1
RO,Ukrainian,0.3
RO,German,0.2
RO,Turkish,0.2
RO,Russian,0.2
RO,Crimean Tatar,0.1
RO,Aromanian,0.1
DK,Danish,86.3
DK,Arab,2.2
DK,Turkish,1.1
DK,German,1
IS,Icelander,81
IS,Polish,6
IS,Danish,1.2
FO,Faroese,87.6
FO,Danish,7.8
IRL,Irish,82.2
IRL,Polish,2.8
IRL,British,2.2
IRL,Asian,2.1
IRL,African,1.4
IRL,Lithuanian,0.75
IRL,Romanian,0.6
IRL,Latvian,0.4
SF,Finn,87.6
SF,Swedish,5.2
SF,Russian,1.4
SF,Estonian,0.9
SF,Arab,0.5
SF,Somali,0.4
SF,English,0.4
SF,Sami,0.4
N,Norwegian,82.0
N,Polish,2
N,Sami,1.2
S,Swedish,80.9
S,Arab,3.5
S,Finnish,1.4
S,Polish,0.9
MC,French,26
MC,Monegasque,22.5
MC,Italian,22
MC,British,7.5
MC,German,4.0
MC,Russian,2.0
MC,Greek,1.1
V,Italian,80
V,Swiss,10
V,German,0.2
V,Argentinian,0.1
CEU,Spanish,50
CEU,Arab,30
CEU,Berber,15
MEL,Spanish,46
MEL,Berber,40
MEL,Arab,10
RSM,Italian,99
M,Maltese,90
M,Italian,3
M,British,2
M,Arab,1
GBM,English,50
GBM,Manx,15
GBM,Irish,10
GBM,Scot,5
GBM,Welsh,5
MD,Romanian,78.1
MD,Ukrainian,7.5
MD,Russian,7
MD,Gagauz,4.2
MD,Bulgarian,1.9
MD,Roma,0.3
P,Portuguese,96
P,African,1
P,Ukrainian,0.5
P,Romanian,0.4
P,Indian,0.3
SVA,Norwegian,58
SVA,Russian,16
GB,English,72.2
GB,Scot,7.5
GB,Welsh,4.3
GB,African,3
GB,Northern Irish,2.5
GB,Indian,2.3
GB,Pakistani,1.9
GB,Bangladeshi,0.7
GB,Chinese,0.7
GBZ,Spanish,28
GBZ,British,27
GBZ,Italian,15
GBZ,Portuguese,15
GBZ,Maltese,8
GBZ,Arab,1.6
GBG,Norman-French,52
GBG,British,23.7
GBG,Portuguese,2.1
GBG,Latvian,1.5
GBJ,Norman-French,46.4
GBJ,British,32.7
GBJ,Portuguese,8.2
GBJ,Polish,3.3
ARM,Armenian,98.1
ARM,Yazidi,1.2
ARM,Russian,0.4
GE,Georgian,86.8
GE,Azerbaijani,6.3
GE,Armenian,4.5
GE,Abkhaz,2.5
GE,Ossetian,1.5
GE,Russian,0.7
GE,Yazidi,0.3
GE,Kurd,0.1
AZ,Azerbaijani,91.6
AZ,Lezgian,2.0
AZ,Armenian,1.4
AZ,Russian,1.3
TR,Turkish,71.4
TR,Kurd,19
TR,Arab,1
TR,Circassian,1
TR,Albanian,0.6
TR,Crimean Tatar,0.5
TR,Armenian,0.2
TR,Bosniak,0.1
RL,Arab,95
RL,Armenian,4
WB,Arab,83
WB,Jewish,17
GAZA,Arab,99.4
GAZA,Jewish,0.6
IL,Jewish,74.4
IL,Arab,20.9
SYR,Arab,80
SYR,Kurd,10
SYR,Turkoman,4
SYR,Assyrian,3
SYR,Circassian,1
SYR,Armenian,1
JOR,Arab,97.4
JOR,Circassian,0.5
JOR,Armenian,0.5
SA,Arab,85
SA,Indian,8
SA,Mahra,2.5
BRN,Arab,36.7
BRN,Indian,20
BRN,Persian,14
BRN,Bengali,8
BRN,Pakistani,4
Q,Arab,28
Q,Indian,25
Q,Bengali,12.1
Q,Filipino,10
Q,Egypt,8.6
Q,Sinhalese,5
Q,Pakistani,4.8
Q,Persian,1.5
UAE,Indian,38.2
UAE,Arab,21.8
UAE,Bengali,9.5
UAE,Persian,8
UAE,Filipino,6.1
UAE,Punjabi,6
UAE,Pashtun,5
UAE,Sindhi,3
OM,Arab,58
OM,Indian,9
OM,Mahra,3
OM,Shehri,2.5
OM,Bengali,2
OM,Pakistani,1.5
YE,Arab,88
YE,Afro-Arab,10
YE,Soqotri,0.3
YE,Mahra,0.2
KWT,Arab,57.6
KWT,Persian,16
KWT,Indian,10
IRQ,Arab,70
IRQ,Kurd,15
IRQ,Turkoman,10
IRQ,Afro-Arab,3
IRQ,Yazidi,0.5
IRQ,Assyrian,0.5
IRQ,Lur,0.2
IR,Persian,61
IR,Azerbaijani,16
IR,Kurd,10
IR,Lur,6
IR,Baloch,2
IR,Arab,2
IR,Qashqai,1.2
IR,Turkmen,1
IR,Hazara,0.7
IR,Armenian,0.3
AFG,Pashtun,42
AFG,Tajik,27
AFG,Hazara,11
AFG,Uzbek,9
AFG,Turkmen,3
AFG,Baloch,2
AFG,Pamiri,0.5
TM,Turkmen,85.6
TM,Uzbek,5.8
TM,Russian,5.1
TM,Azerbaijani,1.2
TM,Baloch,0.8
TM,Kazakh,0.4
UZ,Uzbek,83.8
UZ,Tajik,4.8
UZ,Kazakh,2.5
UZ,Russian,2.3
UZ,Karakalpak,2.2
UZ,Tatar,0.6
UZ,Crimean Tatar,0.5
UZ,Uyghur,0.2
TJ,Tajik,82.7
TJ,Uzbek,13.8
TJ,Pamiri,1.5
TJ,Kyrgyz,0.8
TJ,Russian,0.5
TJ,Turkmen,0.2
TJ,Tatar,0.1
TJ,Arab,0.1
KG,Kyrgyz,73.3
KG,Uzbek,14.6
KG,Russian,5.6
KG,Dungan,1.1
KG,Uyghur,1.1
KG,Tajik,1.1
KG,Kazakh,0.7
KG,Ukrainian,0.5
KZ,Kazakh,67.9
KZ,Russian,19.3
KZ,Uzbek,2.8
KZ,Ukrainian,2.1
KZ,Uyghur,1.4
KZ,Tatar,1.3
KZ,German,1.1
KZ,Tajik,0.2
KZ,Dungan,0.2
MNG,Mongolian,86
MNG,Oirat,7
MNG,Kazakh,4.5
MNG,Buryat,1.6
MV,Maldivian,84
MV,Bengali,10
MV,Filipino,1
PK,Punjabi,44.7
PK,Pashtun,15.4
PK,Sindhi,14.1
PK,Saraiki,12.5
PK,Baloch,3.4
PK,Brahui,2
PK,Bengali,1
PK,Gujarati,1
PK,Hazara,0.5
PK,Balti,0.2
PK,Kashmiri,0.1
IND,Hindi,37.5
IND,Bengali,8.0
IND,Marathi,8.0
IND,Telugu,6.7
IND,Tamil,5.7
IND,Kannada,3.6
IND,Odia,3.1
IND,Malayali,2.8
IND,Magadhi,1.6
IND,Assamese,1.2
IND,Gondi,1.0
IND,Kashmiri,0.6
IND,Santal,0.5
IND,Kurukh,0.3
IND,Sindhi,0.2
IND,Munda,0.2
IND,Chin,0.2
IND,Pashtun,0.2
IND,Meitei,0.15
IND,Bodo,0.1
NEP,Khas,38
NEP,Madheshi,30
NEP,Magar,7.1
NEP,Tharu,6.6
NEP,Tamang,5.8
NEP,Newar,5
NEP,Sherpa,1.5
NEP,Kurukh,0.2
NEP,Tibetan,0.1
BHT,Sharchop,30
BHT,Nepalese,30
BHT,Ngalop,20
BHT,Kurukh,0.6
BD,Bengali,98
BD,Rohingya,1
BD,Santal,0.2
BD,Bihari,0.2
MYA,Bamar,68
MYA,Dai,10
MYA,Karen,6
MYA,Rakhine,3
MYA,Han Chinese,2
MYA,Mon,2
MYA,Jingpo,2
MYA,Rohingya,1.8
MYA,Kachin,1.5
MYA,Wa,1.5
MYA,Lisu,1.2
MYA,Chin,1.2
MYA,Indian,1
MYA,Hani,0.4
MYA,Lahu,0.3
CL,Sinhalese,74.9
CL,Tamil,15.4
CL,Arab,9.2
CN,Han Chinese,91.6
CN,Zhuang,1.27
CN,Hui,0.80
CN,Manchu,0.78
CN,Uyghur,0.76
CN,Yi,0.65
CN,Tujia,0.63
CN,Miao,0.6
CN,Tibetan,0.47
CN,Mongol,0.45
CN,Bouyei,0.22
CN,Kam,0.22
CN,Mien,0.21
CN,Hmong,0.2
CN,Korean,0.14
CN,Hani,0.12
CN,Hlai,0.11
CN,Kazakh,0.11
CN,Dai,0.09
CN,Lisu,0.05
CN,Dongxiang,0.05
CN,Lahu,0.04
CN,Wa,0.03
CN,Oirat,0.02
CN,Xibe,0.014
CN,Kyrgyz,0.014
CN,Jingpo,0.01
CN,Salar,0.01
RC,Han Chinese,95
RC,Amis,0.9
RC,Paiwan,0.4
HK,Han Chinese,95
HK,Filipino,2.5
HK,Indonesian,2.1
MAC,Han Chinese,88.7
MAC,Portuguese,1.1
KP,Korean,100
ROK,Korean,96
ROK,Chinese,1
ROK,Vietnamese,0.4
ROK,Thai,0.4
J,Japanese,98.1
J,Chinese,0.5
J,Korean,0.4
RP,Malay,95.5
RP,Chinese,1.5
VN,Viet/Kinh,87.2
VN,Tay,2.0
VN,Thai,1.8
VN,Muong,1.5
VN,Khmer,1.5
VN,Hmong,1.2
VN,Nung,1.1
VN,Han Chinese,1
VN,Jarai,0.5
VN,Mien,0.5
VN,Rade,0.4
VN,Bahnar,0.3
VN,Koho,0.2
VN,Sedang,0.2
VN,Cham,0.2
VN,Bouyei,0.1
K,Khmer,95
K,Cham,4
K,Jarai,0.3
K,Kuy,0.2
K,Chinese,0.1
K,Viet/Kinh,0.1
LAO,Thai,59.7
LAO,Khmu,11
LAO,Hmong,9.2
LAO,Phouthay,3.4
LAO,Makong,2.5
LAO,Katang,2.2
LAO,Viet/Kinh,2
LAO,Dai,2.0
LAO,Akha,1.8
LAO,Hani,1
LAO,Kuy,1
LAO,Chinese,1
LAO,Mien,0.3
LAO,Lahu,0.3
LAO,Khmer,0.1
THA,Thai,52.3
THA,Lao,24.9
THA,Chinese,14
THA,Malay,4.5
THA,Khmer,2.3
THA,Karen,1.5
THA,Kuy,0.3
THA,Hmong,0.3
THA,Lahu,0.2
THA,Mon,0.2
THA,Lisu,0.1
THA,Mien,0.1
MAL,Malay,50.4
MAL,Chinese,23.7
MAL,Dayak,11
MAL,Tamil,7
MAL,Indian,1
MAL,Rohingya,0.5
BRU,Malay,65.7
BRU,Chinese,10.3
BRU,Dayak,10
SGP,Chinese,74.1
SGP,Malay,13.4
SGP,Tamil,5.0
SGP,Indian,4.2
RI,Javanese,41.7
RI,Sundanese,15.4
RI,Malay,3.7
RI,Batak,3.6
RI,Madurese,3.0
RI,Chinese,3
RI,Dayak,1.5
RI,Laani,0.2
TL,Mesticos,50
TL,Malayo-Polynesian,30
TL,Papuan,20
PNG,Enga,3
PNG,Huli,3
SOL,Melanesian,95.3
SOL,Polynesian,3.1
SOL,Micronesian,1.2
SOL,Chinese,0.1
SOL,European,0.1
VU,Melanesian,97.6
VU,French,4
VU,Euronesian,1.1
NCL,Melanesian,40
NCL,European,35
NCL,Polynesian,10
NCL,Euronesian,8.6
NCL,Indonesian,1.4
NCL,Vietnamese,0.9
AUS,European,80
AUS,Chinese,5.6
AUS,Indian,2.8
AUS,Aboriginal Australians,2.8
AUS,Filipino,1.4
AUS,Vietnamese,1.4
AUS,Maltese,0.6
CX,European,23
CX,Chinese,21.2
CX,Malay,12
CC,Malay,80
CC,European,20
NF,European,45
NF,Euronesian,45
NZ,European,56.8
NZ,Asian,8
NZ,Maori,7.4
NZ,Pacific Islander,4.6
PAL,Palauan,72.5
PAL,Filipino,16.3
PAL,Micronesian,3.4
PAL,Chinese,1.6
PAL,Vietnamese,1.6
PAL,European,0.9
MP,Filipino,35.3
MP,Chamorro,23.9
MP,Chinese,6.8
MP,Micronesian,6
MP,Polynesian,5
MP,Korean,4.2
MP,European,2
GU,Chamorro,37.3
GU,Filipino,26.3
GU,Micronesian,10
GU,European,7.1
GU,Chuukese,7
GU,Korean,2.2
GU,Palauan,1.6
GU,Chinese,1.6
GU,Japanese,1.5
FSM,Micronesian,96
FSM,Asian,1.8
FSM,Polynesian,1.6
MH,Micronesian,92.1
MH,Euronesian,5.9
NAU,Nauruan,88.9
NAU,Micronesian,2
NAU,Chinese,2
KIR,Micronesian,89.5
KIR,Micronesian-Polynesian,9.7
KIR,Polynesian,0.2
TUV,Polynesian,86.8
TUV,Micronesian-Polynesian,6.7
TUV,Micronesian,5.6
TOK,Polynesian,94
TOK,Micronesian,3
WS,Polynesian,92.6
WS,Euronesian,7
WS,European,0.4
AS,Polynesian,92.6
AS,Filipino,2.2
WF,Polynesian,99
FJI,Melanesian-Polynesian,58
FJI,Indian,37.5
TO,Polynesian-Melanesian,95
TO,Melanesian-Polynesian,1
TO,Chinese,0.3
TO,European,0.2
NU,Polynesian,88
CK,Polynesian,88
PF,Polynesian,66.5
PF,Euronesian,16.4
PF,French,11.9
PF,Chinese,4
PN,Euronesian,100
ET,Arabized Egypt,91
ET,Arab,5
ET,European,1
ET,Nubian,0.15
ET,Beja,0.1
LAR,Arabized Berber,50
LAR,Berber,25
LAR,Arab,10
LAR,Toubou,10
LAR,Tuareg,1
TN,Arabized Berber,60
TN,Arab,35
TN,Berber,2
DZ,Arabized Berber,55
DZ,Berber,30
DZ,Arab,10
DZ,Turkish,2
DZ,European,1
MA,Arab,44
MA,Berber,24
MA,Arabized Berber,21
MA,Moor/Beydan,10
WSA,Arab,
WSA,Sahrawi Berber,
RMM,Bambara,33
RMM,Fula,13
RMM,Soninke,9.8
RMM,Senufo,9.6
RMM,Mandinka,8.8
RMM,Dogon,8.7
RMM,Songhai,5.6
RMM,Bobo,2.1
RMM,Black Moor/Haratin,2
RMM,Tuareg,1.7
RMM,Bozo,1.5
RMM,Khassonke,1.3
RMM,Mossi,1
RMM,Toucouleur,1
RIM,Black Moor/Haratin,40
RIM,Moor/Beydan,30
RIM,Toucouleur,16.5
RIM,Wolof,7
RIM,Fula,5
RIM,Soninke,3
SN,Wolof,37
SN,Serer,17
SN,Fula,16
SN,Toucouleur,15
SN,Mandinka,5.6
SN,Diola,4.5
SN,Soninke,2.2
SN,Balanta,1
SN,Manjak,0.8
SN,Bambara,0.5
SN,Europeans,0.5
WAG,Mandinka,34
WAG,Fula,22.4
WAG,Wolof,12.6
WAG,Diola,10.7
WAG,Soninke,8
WAG,Serer,3.2
WAG,Manjak,1.4
WAG,Bambara,1
WAG,Hausa,0.3
GUB,Fula,28.5
GUB,Balanta,22.5
GUB,Mandinka,14.7
GUB,Manjak,11.0
GUB,Papel,9.1
GUB,Soninke,0.3
RG,Fula,33.4
RG,Mandinka,24.9
RG,Susu,21.2
RG,Kpelle,7.8
RG,Kissi,6.2
RG,Kuranko,3
RG,Loma,1.6
SLE,Mende,32.2
SLE,Temne,31.6
SLE,Limba,8.4
SLE,Kono,5.2
SLE,Kuranko,4.5
SLE,Fula,3.8
SLE,Susu,2.9
SLE,Kissi,2.5
SLE,Mandinka,2.3
SLE,Krio,1.3
LB,Kpelle,20.3
LB,Bassa,13.4
LB,Grebo,10
LB,Dan,8
LB,Mano,7.9
LB,Klao,6
LB,Gola,6
LB,Loma,5.1
LB,Kissi,4.8
LB,Vai,4
LB,Mandinka,3.2
LB,Americo-Liberians,2.5
LB,Mende,1.3
BF,Mossi,52
BF,Fula,8.4
BF,Gurma,7
BF,Bobo,4.9
BF,Gurunsi,4.6
BF,Senufo,4.5
BF,Bissa,3.7
BF,Mandinka,2
BF,Marka,1.9
BF,Tuareg,1.9
CI,Akan,42.4
CI,Senufo,16.1
CI,Mandinka,14.5
CI,Wee,11
CI,Guro,5
CI,Mossi,5
CI,Dan,4
CI,Fula,2
CI,Hausa,0.5
CI,Bissa,0.5
CI,Yoruba,0.5
CI,Lebanese,0.4
CI,French,0.2
GH,Akan,47.5
GH,Dagbon,16.6
GH,Ewe,13.9
GH,Gurma,5.7
GH,Gurunsi,4.6
GH,Bissa,4.5
GH,Fula,3.5
GH,Hausa,2
GH,Yoruba,2
GH,Mandinka,1.1
GH,Mossi,0.6
GH,Ibibio,0.5
RT,Ewe,46
RT,Gurunsi,22
RT,Gurma,9.7
RT,Yoruba,6.8
RT,Adja,3
RT,Fula,2
RT,Mossi,1
RT,Akan,1
RT,Akebu,1
BEN,Fon,38.4
BEN,Aja,15.1
BEN,Yoruba,12
BEN,Bariba,9.6
BEN,Fula,8.6
BEN,Ottamari,6.1
BEN,Gurma,1
BEN,Bissa,0.5
BEN,Hausa,0.3
BEN,French,0.1
NGR,Hausa,30
NGR,Yoruba,15.5
NGR,Igbo,15.2
NGR,Fula,6
NGR,Kanuri,4
NGR,Gbagyi,4
NGR,Tiv,2.4
NGR,Nupe,2.2
NGR,Igala,2
NGR,Ibibio,1.8
NGR,Ijo,1.8
NGR,Anaang,1.4
NGR,Arab,1.1
NGR,Ebira,1
NGR,Edo,1
NGR,Idoma,1
NGR,Berom,0.5
RN,Hausa,53.1
RN,Songhai,21.2
RN,Tuareg,9.3
RN,Fula,6.5
RN,Kanuri,4.9
RN,Toubou,1
RN,Gurma,0.4
RN,Arab,0.4
TCH,Sara,25.9
TCH,Kanuri,10
TCH,Arab,8.6
TCH,Masalit,7
TCH,Toubou,5.8
TCH,Masa,4.7
TCH,Fula,2
TCH,Hausa,1.4
TCH,Bagirmi,1.3
SUD,Arab,70
SUD,Nubian,12
SUD,Beja,10
SUD,Masalit,3
SUD,Fur,2.5
SUD,Hausa,1
SUD,Fula,0.5
SUD,Toubou,0.2
SSD,Dinka,35.8
SSD,Nuer,15.6
SSD,Shilluk,10
SSD,Bari,8
SSD,Azande,7
RCA,Gbaya,46
RCA,Banda,27
RCA,Sara,10
RCA,Yakoma,4
RCA,Mbaka,4
RCA,Arab,2.5
RCA,Azande,1.5
RCA,Hausa,0.6
CAM,Pahuin,16
CAM,Fula,14
CAM,Bamileke,10
CAM,Bamum,2.5
CAM,Basaa,2
CAM,Duala,2
CAM,Kom,1.5
CAM,Ibibio,1.4
CAM,Mafa,1
CAM,Maka,1
CAM,Gbaya,1
CAM,Arab,1
CAM,Igbo,0.5
CAM,Kanuri,0.5
CAM,Hausa,0.2
GQ,Fang,80
GQ,Bubi,15
GQ,Annobonese,1.6
GQ,Ibibio,1
G,Fang,32
G,Nzebi,12
G,Teke,10
G,Punu,10
G,Shira,3
G,Mbete,3
G,Kota,3
G,Myene,3
G,French,2
G,Hausa,1
RCB,Bakongo,45
RCB,Teke,16.9
RCB,Mboshi,13.1
RCB,Mbete,4.4
RCB,Punu,4.3
CGO,Baluba,18
CGO,Bakongo,16
CGO,Mongo,13
CGO,Banyarwanda,10
CGO,Azande,3
CGO,Lugbara,1.5
CGO,Chokwe,1.5
CGO,Gbaya,1
CGO,Lunda,1
ANG,Ovimbundu,37
ANG,Ambundu,25
ANG,Bakongo,13
ANG,Chokwe,8
ANG,Lunda,2
ANG,Mesticos,2
ANG,Ovambo,1.8
ANG,Chinese,1.6
ANG,Herero,1.5
ANG,Portuguese,0.8
NAM,Ovambo,50
NAM,Herero,12
NAM,Damara,11
NAM,Kavango,8
NAM,Coloured,8
NAM,Lozi,5
NAM,European,5
NAM,Khoisan,2
RB,Tswana,79
RB,Kalanga,11
RB,San,3.4
RB,Shona,2
RB,European,2
RB,Ndebele,1.3
RSA,Zulu,22.7
RSA,Basotho,17.0
RSA,Xhosa,16.0
RSA,European,8.9
RSA,Coloured,8.9
RSA,Tswana,8.0
RSA,Tsonga,4.5
RSA,Indian,2.6
RSA,Swazi,2.5
RSA,Chinese,0.6
LS,Basotho,99.7
SD,Swazi,90
SD,Zulu,6
SD,European,3
SD,Tsonga,1.5
MOC,Makua,40
MOC,Tsonga,21
MOC,Makonde,11
MOC,Swahili,7
MOC,Chewa,4
MOC,Shona,3
MOC,Yao,3
MOC,Portuguese,1
MOC,Indian,0.3
ZW,Shona,70
ZW,Ndebele,20
ZW,Chewa,6
ZW,Tonga,3
ZW,European,0.2
Z,Bemba,21
Z,Tonga,13.6
Z,Chewa,7.4
Z,Lozi,5.7
Z,Nsenga,5.3
Z,Tumbuka,4.4
Z,Ngoni,4.0
Z,Luba,2.3
Z,Lunda,2
Z,Chinese,0.5
Z,Indian,0.1
MW,Chewa,36.3
MW,Lomwe,18.9
MW,Yao,13.3
MW,Ngoni,10.4
MW,Tumbuka,9.2
MW,Sena,3.8
MW,Tonga,1.8
EAT,Sukuma,12
EAT,Nyamwezi,9
EAT,Haya,7
EAT,Swahili,6
EAT,Chaga,5
EAT,Luo,4.5
EAT,Gogo,4
EAT,Makonde,3.5
EAT,Maasai,3
EAT,Ha,3
EAT,Iraqw,1.6
EAT,Zigula,1.5
EAT,Yao,1.5
EAT,Mijikenda,0.2
BI,Hutu,85
BI,Tutsi,14
BI,Twa,1
RWA,Hutu,84
RWA,Tutsi,15
RWA,Twa,1
EAU,Baganda,16.3
EAU,Banyarwanda,10
EAU,Ankore,9.4
EAU,Basoga,8.7
EAU,Bakiga,7
EAU,Iteso,7
EAU,Langi,6.3
EAU,Bagisu,4.9
EAU,Acholi,4.3
EAU,Lugbara,3.2
EAU,Karamojong,1
EAU,Bari,1
EAK,Kikuyu,17.2
EAK,Luhya,13.8
EAK,Kalenjin,12.9
EAK,Luo,10.5
EAK,Kamba,10.1
EAK,Somali,6.2
EAK,Kisii,5.7
EAK,Mijikenda,5.1
EAK,Meru,5.0
EAK,Turkana,2.6
EAK,Maasai,2.2
EAK,Oromo,1.2
EAK,Arab,1
SO,Somali,85
SO,Somalian Bantu,8
SO,Barawani,2
SO,Oromo,0.8
DJI,Somali,60
DJI,Afar,35
ETH,Oromo,34.4
ETH,Amhara,27.0
ETH,Somali,6.2
ETH,Tigray,6.1
ETH,Sidama,4
ETH,Welaita,2.3
ETH,Hadiya,1.7
ETH,Afar,1.3
ETH,Nuer,0.3
ER,Tigrinya,55
ER,Tigre,30
ER,Saho,4
ER,Beja,3
ER,Kunama,2
ER,Rashaida Arab,2
CV,Mulatto,71
CV,African,28
CV,European,1
STP,African,100
SY,Seychellois,90
SY,Indian,6
COM,Arab-African,99
MYT,Arab-African,98
RM,Merina,26
RM,Betsimisaraka,14.9
RM,Tsimihety,6
RM,Sakalava,6
RM,European,0.1
RM,Comoran,0.1
RM,Indian,0.1
MS,Indo-Mauritian,62
MS,Mulatto,27
MS,Tamil,6
MS,Sino-Mauritian,3
MS,Franco-Mauritian,2
RE,Creoles,45
RE,European,25
RE,Tamil,14
RE,Telugu,7
RE,Indian,4
RE,Chinese,3
HELX,African,50
HELX,European,25
HELX,Chinese,25
GL,Inuit,88
GL,Danish,12
SPM,European,100
BM,African,52
BM,European,31
BM,Mulatto,9
BM,Asian,4
CDN,English,18
CDN,French,18
CDN,Scot,13
CDN,Irish,12
CDN,German,8
CDN,Chinese,7
CDN,Indian,5
CDN,Italian,4
CDN,Ukrainian,4
CDN,Dutch,4
CDN,Polish,3
CDN,Arab,1.2
CDN,Cree,1.2
CDN,Ojibwe,0.3
CDN,Inuit,0.2
CDN,Dakota,0.1
USA,Mestizo,16.1
USA,African,13.6
USA,German,13.2
USA,English,11.6
USA,Irish,9.7
USA,Spanish,5.4
USA,Italian,5.1
USA,French,3.0
USA,Polish,2.8
USA,Scot,2.7
USA,Jewish,2.1
USA,Norwegian,1.3
USA,Dutch,1.2
USA,Chinese,1.2
USA,Filipino,1.1
USA,Indian,1.0
USA,Arab,0.6
USA,Vietnamese,0.5
USA,Korean,0.5
USA,Japanese,0.4
USA,Cherokee,0.26
USA,Hawaiian,0.17
USA,Navajo,0.1
USA,Dakota,0.01
USA,Yupik,0.01
MEX,European,47
MEX,Mestizo,30
MEX,Amerindian,21.5
MEX,African,1.4
MEX,Arab,1
BZ,Mestizo,52.9
BZ,Mulatto,25.9
BZ,Garifuna,6.1
BZ,Qeqchi,5.7
BZ,German,3.6
BZ,Mopan,3.5
BZ,Yucatec,2.3
BZ,European,1.2
BZ,Asian,1
BZ,African,0.4
GCA,Mestizo,56
GCA,Kiche,11.0
GCA,Qeqchi,8.3
GCA,Kaqchikel,7.8
GCA,Mam,5.2
GCA,Qanjobal,2.0
GCA,Xinca,1.8
GCA,Poqomchi,1.2
GCA,Garifuna,0.2
ES,Mestizo,86.3
ES,Spanish,12.7
ES,Lenca,0.5
HN,Mestizo,90
HN,Lenca,4.6
HN,African,2
HN,European,1
HN,Miskito,0.8
HN,Garifuna,0.8
HN,Chorti,0.6
HN,Arab,0.5
NIC,Mestizo,69
NIC,European,17
NIC,African,9
NIC,Miskito,2.2
NIC,Matagalpa,1.5
NIC,Chorotega,0.5
NIC,Garifuna,0.1
CR,Mestizo,74
CR,European,10
CR,Mulatto,6.7
CR,African,1.1
CR,Amerindian,1
CR,Han Chinese,1
CR,Cabecar,0.3
CR,Bribri,0.2
CR,Ngäbe,0.1
PA,Mestizo,65
PA,African,9.2
PA,Ngäbe,7.6
PA,Mulatto,6.8
PA,European,6.7
PA,Kuna,2.4
PA,Embera,0.9
PA,Bugle,0.8
BS,African,90.6
BS,European,4.7
BS,Mulatto,2.1
TUCA,African,87.6
TUCA,European,7.9
TUCA,Mulatto,2.5
TUCA,Indian,1.3
CYM,Mulatto,40
CYM,Black,20
CYM,European,20
C,European,58
C,Mulatto,16
C,Mestizo,12
C,African,9.3
C,Chinese,1.0
JA,African,92.1
JA,Mulatto,6.1
JA,Indian,0.8
JA,European,0.2
JA,Chinese,0.2
RH,African,95
RH,Mulatto,3
RH,European,2
DOM,Mestizo,58
DOM,African,15.8
DOM,European,13.5
DOM,Mulatto,12.4
PR,European,75.8
PR,African,8
PR,Mulatto,4
PR,Asian,0.2
VIRG,African,76
VIRG,European,15.6
VIRG,Mulatto,2.1
VIRG,Asian,1.4
BVI,Black,76.3
BVI,Mulatto,10.9
BVI,European,5.4
BVI,Indian,2.1
AXA,Black,85.3
AXA,Mulatto,8.7
AXA,European,3.7
AXA,Indian,1
KN,African,92.5
KN,Mulatto,3
KN,European,2.1
KN,Indian,1.5
AG,African,87.3
AG,Mulatto,7.4
AG,Indian,2
AG,European,1.6
MNTS,African,88.4
MNTS,Mulatto,6.7
MNTS,European,2.7
MNTS,Indian,1.5
GP,African,85
GP,Mulatto,5
GP,European,5
GP,Indian,3
WD,African,75
WD,Mulatto,19
WD,Carib,2.9
WD,European,0.8
MQ,African,70
MQ,Mulatto,10
MQ,Indian,10
MQ,European,5
WL,African,85.3
WL,Mulatto,10.9
WL,Indian,2.2
WL,European,1
BDS,African,92.4
BDS,Mulatto,3.1
BDS,European,2.7
BDS,Indian,1.3
WV,African,71.2
WV,Mulatto,23
WV,Carib,3
WV,European,1.5
WV,Indian,1.1
WG,African,82.4
WG,Mulatto,13.3
WG,Indian,2.2
WG,European,0.4
WG,Carib,0.1
TT,Indian,37.6
TT,African,36.3
TT,Dougla,22.8
TT,European,0.6
TT,Chinese,0.3
TT,Arab,0.2
TT,Carib,0.1
CUR,African,45
CUR,Mulatto,30
CUR,Mestizo,5
CUR,European,5
ARU,Mestizo,50
ARU,Mulatto,25
ARU,African,15
ARU,European,10
ARU,Asian,2
YV,Mestizo,51.6
YV,European,43.6
YV,African,2.9
YV,Chinese,1.4
YV,Wayuu,1.4
GUY,Indian,39.8
GUY,African,29.3
GUY,Dougla,20
GUY,Kapong,3
GUY,Macushi,1.3
GUY,Wapishana,1.0
GUY,European,0.3
GUY,Chinese,0.2
SME,Indian,27.4
SME,African,21.7
SME,Mulatto,15.7
SME,Javanese,13.7
SME,Dougla,13.4
SME,Chinese,1.5
SME,Carib,0.5
SME,European,0.3
GF,Mulatto,50
GF,African,30
GF,French,12
GF,Chinese,4
GF,Hmong,2
GF,Carib,1.4
CO,Mestizo,49
CO,European,37
CO,African,10.5
CO,Wayuu,0.3
CO,Paez,0.3
CO,Embera,0.1
EC,Mestizo,79.3
EC,European,6.1
EC,African,5.3
EC,Quechua,4.5
EC,Mulatto,1.9
EC,Shuar,0.3
PE,Mestizo,60.2
PE,Quechua,22.3
PE,European,5.9
PE,African,3.6
PE,Aymara,2.4
PE,Ashaninka,0.3
PE,Aguaruna,0.2
BOL,Mestizo,60
BOL,Quechua,18
BOL,Aymara,16
BOL,European,5
BOL,African,1
BOL,Guarani,0.8
BOL,Moxo,0.2
RCH,European,52
RCH,Mestizo,39
RCH,Mapuche,4.0
RCH,Aymara,1.0
RCH,Quechua,0.2
RA,European,85
RA,Arab,6
RA,Mestizo,5
RA,Mapuche,0.5
RA,Guarani,0.4
RA,Toba,0.3
RA,Quechua,0.2
RA,African,0.15
RA,Wichi,0.1
RA,Aymara,0.05
PY,Mestizo,90
PY,German,5
PY,Guarani,1.5
PY,African,1
ROU,European,87
ROU,African,8
ROU,Mestizo,2.4
ROU,Charrua,2
BR,European,47.7
BR,Mestizo,22.3
BR,Mulatto,20.1
BR,African,7.6
BR,Asian,1.1
BR,Guarani,0.025
FALK,British,95
